timestamp,daily_supply,daily_demand,daily_mismatch,hourly_supply,hourly_demand,hourly_supply_interpolated,hourly_demand_interpolated
2024-01-01 00:00:00,240.0,506.0,-266.0,10.0,21.083333333333332,10.0,21.083333333333332
2024-01-01 01:00:00,240.0,506.0,-266.0,10.0,21.083333333333332,10.0,21.083333333333332
2024-01-01 02:00:00,240.0,506.0,-266.0,10.0,21.083333333333332,10.0,21.083333333333332
2024-01-01 03:00:00,240.0,506.0,-266.0,10.0,21.083333333333332,10.0,21.083333333333332
2024-01-01 04:00:00,240.0,506.0,-266.0,10.0,21.083333333333332,10.0,21.083333333333332
2024-01-01 05:00:00,240.0,506.0,-266.0,10.0,21.083333333333332,10.0,21.083333333333332
2024-01-01 06:00:00,240.0,506.0,-266.0,10.0,21.083333333333332,10.0,21.083333333333332
2024-01-01 07:00:00,240.0,506.0,-266.0,10.0,21.083333333333332,10.0,21.083333333333332
2024-01-01 08:00:00,240.0,506.0,-266.0,10.0,21.083333333333332,10.0,21.083333333333332
2024-01-01 09:00:00,240.0,506.0,-266.0,10.0,21.083333333333332,10.0,21.083333333333332
2024-01-01 10:00:00,240.0,506.0,-266.0,10.0,21.083333333333332,10.0,21.083333333333332
2024-01-01 11:00:00,240.0,506.0,-266.0,10.0,21.083333333333332,10.0,21.083333333333332
2024-01-01 12:00:00,240.0,506.0,-266.0,10.0,21.083333333333332,10.0,21.083333333333332
2024-01-01 13:00:00,240.0,506.0,-266.0,10.0,21.083333333333332,10.0,21.083333333333332
2024-01-01 14:00:00,240.0,506.0,-266.0,10.0,21.083333333333332,10.0,21.083333333333332
2024-01-01 15:00:00,240.0,506.0,-266.0,10.0,21.083333333333332,10.0,21.083333333333332
2024-01-01 16:00:00,240.0,506.0,-266.0,10.0,21.083333333333332,10.0,21.083333333333332
2024-01-01 17:00:00,240.0,506.0,-266.0,10.0,21.083333333333332,10.0,21.083333333333332
2024-01-01 18:00:00,240.0,506.0,-266.0,10.0,21.083333333333332,10.0,21.083333333333332
2024-01-01 19:00:00,240.0,506.0,-266.0,10.0,21.083333333333332,10.0,21.083333333333332
2024-01-01 20:00:00,240.0,506.0,-266.0,10.0,21.083333333333332,10.0,21.083333333333332
2024-01-01 21:00:00,240.0,506.0,-266.0,10.0,21.083333333333332,10.0,21.083333333333332
2024-01-01 22:00:00,240.0,506.0,-266.0,10.0,21.083333333333332,10.0,21.083333333333332
2024-01-01 23:00:00,240.0,506.0,-266.0,10.0,21.083333333333332,10.0,21.083333333333332
2024-01-02 00:00:00,251.93300787838766,503.98310949154705,-252.0501016131594,10.497208661599485,20.999296228814462,10.497208661599485,20.999296228814462
2024-01-02 01:00:00,251.93300787838766,503.98310949154705,-252.0501016131594,10.497208661599485,20.999296228814462,10.497208661599485,20.999296228814462
2024-01-02 02:00:00,251.93300787838766,503.98310949154705,-252.0501016131594,10.497208661599485,20.999296228814462,10.497208661599485,20.999296228814462
2024-01-02 03:00:00,251.93300787838766,503.98310949154705,-252.0501016131594,10.497208661599485,20.999296228814462,10.497208661599485,20.999296228814462
2024-01-02 04:00:00,251.93300787838766,503.98310949154705,-252.0501016131594,10.497208661599485,20.999296228814462,10.497208661599485,20.999296228814462
2024-01-02 05:00:00,251.93300787838766,503.98310949154705,-252.0501016131594,10.497208661599485,20.999296228814462,10.497208661599485,20.999296228814462
2024-01-02 06:00:00,251.93300787838766,503.98310949154705,-252.0501016131594,10.497208661599485,20.999296228814462,10.497208661599485,20.999296228814462
2024-01-02 07:00:00,251.93300787838766,503.98310949154705,-252.0501016131594,10.497208661599485,20.999296228814462,10.497208661599485,20.999296228814462
2024-01-02 08:00:00,251.93300787838766,503.98310949154705,-252.0501016131594,10.497208661599485,20.999296228814462,10.497208661599485,20.999296228814462
2024-01-02 09:00:00,251.93300787838766,503.98310949154705,-252.0501016131594,10.497208661599485,20.999296228814462,10.497208661599485,20.999296228814462
2024-01-02 10:00:00,251.93300787838766,503.98310949154705,-252.0501016131594,10.497208661599485,20.999296228814462,10.497208661599485,20.999296228814462
2024-01-02 11:00:00,251.93300787838766,503.98310949154705,-252.0501016131594,10.497208661599485,20.999296228814462,10.497208661599485,20.999296228814462
2024-01-02 12:00:00,251.93300787838766,503.98310949154705,-252.0501016131594,10.497208661599485,20.999296228814462,10.497208661599485,20.999296228814462
2024-01-02 13:00:00,251.93300787838766,503.98310949154705,-252.0501016131594,10.497208661599485,20.999296228814462,10.497208661599485,20.999296228814462
2024-01-02 14:00:00,251.93300787838766,503.98310949154705,-252.0501016131594,10.497208661599485,20.999296228814462,10.497208661599485,20.999296228814462
2024-01-02 15:00:00,251.93300787838766,503.98310949154705,-252.0501016131594,10.497208661599485,20.999296228814462,10.497208661599485,20.999296228814462
2024-01-02 16:00:00,251.93300787838766,503.98310949154705,-252.0501016131594,10.497208661599485,20.999296228814462,10.497208661599485,20.999296228814462
2024-01-02 17:00:00,251.93300787838766,503.98310949154705,-252.0501016131594,10.497208661599485,20.999296228814462,10.497208661599485,20.999296228814462
2024-01-02 18:00:00,251.93300787838766,503.98310949154705,-252.0501016131594,10.497208661599485,20.999296228814462,10.497208661599485,20.999296228814462
2024-01-02 19:00:00,251.93300787838766,503.98310949154705,-252.0501016131594,10.497208661599485,20.999296228814462,10.497208661599485,20.999296228814462
2024-01-02 20:00:00,251.93300787838766,503.98310949154705,-252.0501016131594,10.497208661599485,20.999296228814462,10.497208661599485,20.999296228814462
2024-01-02 21:00:00,251.93300787838766,503.98310949154705,-252.0501016131594,10.497208661599485,20.999296228814462,10.497208661599485,20.999296228814462
2024-01-02 22:00:00,251.93300787838766,503.98310949154705,-252.0501016131594,10.497208661599485,20.999296228814462,10.497208661599485,20.999296228814462
2024-01-02 23:00:00,251.93300787838766,503.98310949154705,-252.0501016131594,10.497208661599485,20.999296228814462,10.497208661599485,20.999296228814462
2024-01-03 00:00:00,258.1957317313309,497.6633741722653,-239.4676424409344,10.758155488805455,20.735973923844387,10.758155488805455,20.735973923844387
2024-01-03 01:00:00,258.1957317313309,497.6633741722653,-239.4676424409344,10.758155488805455,20.735973923844387,10.758155488805455,20.735973923844387
2024-01-03 02:00:00,258.1957317313309,497.6633741722653,-239.4676424409344,10.758155488805455,20.735973923844387,10.758155488805455,20.735973923844387
2024-01-03 03:00:00,258.1957317313309,497.6633741722653,-239.4676424409344,10.758155488805455,20.735973923844387,10.758155488805455,20.735973923844387
2024-01-03 04:00:00,258.1957317313309,497.6633741722653,-239.4676424409344,10.758155488805455,20.735973923844387,10.758155488805455,20.735973923844387
2024-01-03 05:00:00,258.1957317313309,497.6633741722653,-239.4676424409344,10.758155488805455,20.735973923844387,10.758155488805455,20.735973923844387
2024-01-03 06:00:00,258.1957317313309,497.6633741722653,-239.4676424409344,10.758155488805455,20.735973923844387,10.758155488805455,20.735973923844387
2024-01-03 07:00:00,258.1957317313309,497.6633741722653,-239.4676424409344,10.758155488805455,20.735973923844387,10.758155488805455,20.735973923844387
2024-01-03 08:00:00,258.1957317313309,497.6633741722653,-239.4676424409344,10.758155488805455,20.735973923844387,10.758155488805455,20.735973923844387
2024-01-03 09:00:00,258.1957317313309,497.6633741722653,-239.4676424409344,10.758155488805455,20.735973923844387,10.758155488805455,20.735973923844387
2024-01-03 10:00:00,258.1957317313309,497.6633741722653,-239.4676424409344,10.758155488805455,20.735973923844387,10.758155488805455,20.735973923844387
2024-01-03 11:00:00,258.1957317313309,497.6633741722653,-239.4676424409344,10.758155488805455,20.735973923844387,10.758155488805455,20.735973923844387
2024-01-03 12:00:00,258.1957317313309,497.6633741722653,-239.4676424409344,10.758155488805455,20.735973923844387,10.758155488805455,20.735973923844387
2024-01-03 13:00:00,258.1957317313309,497.6633741722653,-239.4676424409344,10.758155488805455,20.735973923844387,10.758155488805455,20.735973923844387
2024-01-03 14:00:00,258.1957317313309,497.6633741722653,-239.4676424409344,10.758155488805455,20.735973923844387,10.758155488805455,20.735973923844387
2024-01-03 15:00:00,258.1957317313309,497.6633741722653,-239.4676424409344,10.758155488805455,20.735973923844387,10.758155488805455,20.735973923844387
2024-01-03 16:00:00,258.1957317313309,497.6633741722653,-239.4676424409344,10.758155488805455,20.735973923844387,10.758155488805455,20.735973923844387
2024-01-03 17:00:00,258.1957317313309,497.6633741722653,-239.4676424409344,10.758155488805455,20.735973923844387,10.758155488805455,20.735973923844387
2024-01-03 18:00:00,258.1957317313309,497.6633741722653,-239.4676424409344,10.758155488805455,20.735973923844387,10.758155488805455,20.735973923844387
2024-01-03 19:00:00,258.1957317313309,497.6633741722653,-239.4676424409344,10.758155488805455,20.735973923844387,10.758155488805455,20.735973923844387
2024-01-03 20:00:00,258.1957317313309,497.6633741722653,-239.4676424409344,10.758155488805455,20.735973923844387,10.758155488805455,20.735973923844387
2024-01-03 21:00:00,258.1957317313309,497.6633741722653,-239.4676424409344,10.758155488805455,20.735973923844387,10.758155488805455,20.735973923844387
2024-01-03 22:00:00,258.1957317313309,497.6633741722653,-239.4676424409344,10.758155488805455,20.735973923844387,10.758155488805455,20.735973923844387
2024-01-03 23:00:00,258.1957317313309,497.6633741722653,-239.4676424409344,10.758155488805455,20.735973923844387,10.758155488805455,20.735973923844387
2024-01-04 00:00:00,255.85820112240424,488.2551427514705,-232.39694162906625,10.660758380100177,20.34396428131127,10.660758380100177,20.34396428131127
2024-01-04 01:00:00,255.85820112240424,488.2551427514705,-232.39694162906625,10.660758380100177,20.34396428131127,10.660758380100177,20.34396428131127
2024-01-04 02:00:00,255.85820112240424,488.2551427514705,-232.39694162906625,10.660758380100177,20.34396428131127,10.660758380100177,20.34396428131127
2024-01-04 03:00:00,255.85820112240424,488.2551427514705,-232.39694162906625,10.660758380100177,20.34396428131127,10.660758380100177,20.34396428131127
2024-01-04 04:00:00,255.85820112240424,488.2551427514705,-232.39694162906625,10.660758380100177,20.34396428131127,10.660758380100177,20.34396428131127
2024-01-04 05:00:00,255.85820112240424,488.2551427514705,-232.39694162906625,10.660758380100177,20.34396428131127,10.660758380100177,20.34396428131127
2024-01-04 06:00:00,255.85820112240424,488.2551427514705,-232.39694162906625,10.660758380100177,20.34396428131127,10.660758380100177,20.34396428131127
2024-01-04 07:00:00,255.85820112240424,488.2551427514705,-232.39694162906625,10.660758380100177,20.34396428131127,10.660758380100177,20.34396428131127
2024-01-04 08:00:00,255.85820112240424,488.2551427514705,-232.39694162906625,10.660758380100177,20.34396428131127,10.660758380100177,20.34396428131127
2024-01-04 09:00:00,255.85820112240424,488.2551427514705,-232.39694162906625,10.660758380100177,20.34396428131127,10.660758380100177,20.34396428131127
2024-01-04 10:00:00,255.85820112240424,488.2551427514705,-232.39694162906625,10.660758380100177,20.34396428131127,10.660758380100177,20.34396428131127
2024-01-04 11:00:00,255.85820112240424,488.2551427514705,-232.39694162906625,10.660758380100177,20.34396428131127,10.660758380100177,20.34396428131127
2024-01-04 12:00:00,255.85820112240424,488.2551427514705,-232.39694162906625,10.660758380100177,20.34396428131127,10.660758380100177,20.34396428131127
2024-01-04 13:00:00,255.85820112240424,488.2551427514705,-232.39694162906625,10.660758380100177,20.34396428131127,10.660758380100177,20.34396428131127
2024-01-04 14:00:00,255.85820112240424,488.2551427514705,-232.39694162906625,10.660758380100177,20.34396428131127,10.660758380100177,20.34396428131127
2024-01-04 15:00:00,255.85820112240424,488.2551427514705,-232.39694162906625,10.660758380100177,20.34396428131127,10.660758380100177,20.34396428131127
2024-01-04 16:00:00,255.85820112240424,488.2551427514705,-232.39694162906625,10.660758380100177,20.34396428131127,10.660758380100177,20.34396428131127
2024-01-04 17:00:00,255.85820112240424,488.2551427514705,-232.39694162906625,10.660758380100177,20.34396428131127,10.660758380100177,20.34396428131127
2024-01-04 18:00:00,255.85820112240424,488.2551427514705,-232.39694162906625,10.660758380100177,20.34396428131127,10.660758380100177,20.34396428131127
2024-01-04 19:00:00,255.85820112240424,488.2551427514705,-232.39694162906625,10.660758380100177,20.34396428131127,10.660758380100177,20.34396428131127
2024-01-04 20:00:00,255.85820112240424,488.2551427514705,-232.39694162906625,10.660758380100177,20.34396428131127,10.660758380100177,20.34396428131127
2024-01-04 21:00:00,255.85820112240424,488.2551427514705,-232.39694162906625,10.660758380100177,20.34396428131127,10.660758380100177,20.34396428131127
2024-01-04 22:00:00,255.85820112240424,488.2551427514705,-232.39694162906625,10.660758380100177,20.34396428131127,10.660758380100177,20.34396428131127
2024-01-04 23:00:00,255.85820112240424,488.2551427514705,-232.39694162906625,10.660758380100177,20.34396428131127,10.660758380100177,20.34396428131127
2024-01-05 00:00:00,246.146744323523,477.53508179294454,-231.38833746942154,10.256114346813458,19.897295074706022,10.256114346813458,19.897295074706022
2024-01-05 01:00:00,246.146744323523,477.53508179294454,-231.38833746942154,10.256114346813458,19.897295074706022,10.256114346813458,19.897295074706022
2024-01-05 02:00:00,246.146744323523,477.53508179294454,-231.38833746942154,10.256114346813458,19.897295074706022,10.256114346813458,19.897295074706022
2024-01-05 03:00:00,246.146744323523,477.53508179294454,-231.38833746942154,10.256114346813458,19.897295074706022,10.256114346813458,19.897295074706022
2024-01-05 04:00:00,246.146744323523,477.53508179294454,-231.38833746942154,10.256114346813458,19.897295074706022,10.256114346813458,19.897295074706022
2024-01-05 05:00:00,246.146744323523,477.53508179294454,-231.38833746942154,10.256114346813458,19.897295074706022,10.256114346813458,19.897295074706022
2024-01-05 06:00:00,246.146744323523,477.53508179294454,-231.38833746942154,10.256114346813458,19.897295074706022,10.256114346813458,19.897295074706022
2024-01-05 07:00:00,246.146744323523,477.53508179294454,-231.38833746942154,10.256114346813458,19.897295074706022,10.256114346813458,19.897295074706022
2024-01-05 08:00:00,246.146744323523,477.53508179294454,-231.38833746942154,10.256114346813458,19.897295074706022,10.256114346813458,19.897295074706022
2024-01-05 09:00:00,246.146744323523,477.53508179294454,-231.38833746942154,10.256114346813458,19.897295074706022,10.256114346813458,19.897295074706022
2024-01-05 10:00:00,246.146744323523,477.53508179294454,-231.38833746942154,10.256114346813458,19.897295074706022,10.256114346813458,19.897295074706022
2024-01-05 11:00:00,246.146744323523,477.53508179294454,-231.38833746942154,10.256114346813458,19.897295074706022,10.256114346813458,19.897295074706022
2024-01-05 12:00:00,246.146744323523,477.53508179294454,-231.38833746942154,10.256114346813458,19.897295074706022,10.256114346813458,19.897295074706022
2024-01-05 13:00:00,246.146744323523,477.53508179294454,-231.38833746942154,10.256114346813458,19.897295074706022,10.256114346813458,19.897295074706022
2024-01-05 14:00:00,246.146744323523,477.53508179294454,-231.38833746942154,10.256114346813458,19.897295074706022,10.256114346813458,19.897295074706022
2024-01-05 15:00:00,246.146744323523,477.53508179294454,-231.38833746942154,10.256114346813458,19.897295074706022,10.256114346813458,19.897295074706022
2024-01-05 16:00:00,246.146744323523,477.53508179294454,-231.38833746942154,10.256114346813458,19.897295074706022,10.256114346813458,19.897295074706022
2024-01-05 17:00:00,246.146744323523,477.53508179294454,-231.38833746942154,10.256114346813458,19.897295074706022,10.256114346813458,19.897295074706022
2024-01-05 18:00:00,246.146744323523,477.53508179294454,-231.38833746942154,10.256114346813458,19.897295074706022,10.256114346813458,19.897295074706022
2024-01-05 19:00:00,246.146744323523,477.53508179294454,-231.38833746942154,10.256114346813458,19.897295074706022,10.256114346813458,19.897295074706022
2024-01-05 20:00:00,246.146744323523,477.53508179294454,-231.38833746942154,10.256114346813458,19.897295074706022,10.256114346813458,19.897295074706022
2024-01-05 21:00:00,246.146744323523,477.53508179294454,-231.38833746942154,10.256114346813458,19.897295074706022,10.256114346813458,19.897295074706022
2024-01-05 22:00:00,246.146744323523,477.53508179294454,-231.38833746942154,10.256114346813458,19.897295074706022,10.256114346813458,19.897295074706022
2024-01-05 23:00:00,246.146744323523,477.53508179294454,-231.38833746942154,10.256114346813458,19.897295074706022,10.256114346813458,19.897295074706022
2024-01-06 00:00:00,233.85133298885273,467.51870069751294,-233.6673677086602,9.743805541202198,19.479945862396374,9.743805541202198,19.479945862396374
2024-01-06 01:00:00,233.85133298885273,467.51870069751294,-233.6673677086602,9.743805541202198,19.479945862396374,9.743805541202198,19.479945862396374
2024-01-06 02:00:00,233.85133298885273,467.51870069751294,-233.6673677086602,9.743805541202198,19.479945862396374,9.743805541202198,19.479945862396374
2024-01-06 03:00:00,233.85133298885273,467.51870069751294,-233.6673677086602,9.743805541202198,19.479945862396374,9.743805541202198,19.479945862396374
2024-01-06 04:00:00,233.85133298885273,467.51870069751294,-233.6673677086602,9.743805541202198,19.479945862396374,9.743805541202198,19.479945862396374
2024-01-06 05:00:00,233.85133298885273,467.51870069751294,-233.6673677086602,9.743805541202198,19.479945862396374,9.743805541202198,19.479945862396374
2024-01-06 06:00:00,233.85133298885273,467.51870069751294,-233.6673677086602,9.743805541202198,19.479945862396374,9.743805541202198,19.479945862396374
2024-01-06 07:00:00,233.85133298885273,467.51870069751294,-233.6673677086602,9.743805541202198,19.479945862396374,9.743805541202198,19.479945862396374
2024-01-06 08:00:00,233.85133298885273,467.51870069751294,-233.6673677086602,9.743805541202198,19.479945862396374,9.743805541202198,19.479945862396374
2024-01-06 09:00:00,233.85133298885273,467.51870069751294,-233.6673677086602,9.743805541202198,19.479945862396374,9.743805541202198,19.479945862396374
2024-01-06 10:00:00,233.85133298885273,467.51870069751294,-233.6673677086602,9.743805541202198,19.479945862396374,9.743805541202198,19.479945862396374
2024-01-06 11:00:00,233.85133298885273,467.51870069751294,-233.6673677086602,9.743805541202198,19.479945862396374,9.743805541202198,19.479945862396374
2024-01-06 12:00:00,233.85133298885273,467.51870069751294,-233.6673677086602,9.743805541202198,19.479945862396374,9.743805541202198,19.479945862396374
2024-01-06 13:00:00,233.85133298885273,467.51870069751294,-233.6673677086602,9.743805541202198,19.479945862396374,9.743805541202198,19.479945862396374
2024-01-06 14:00:00,233.85133298885273,467.51870069751294,-233.6673677086602,9.743805541202198,19.479945862396374,9.743805541202198,19.479945862396374
2024-01-06 15:00:00,233.85133298885273,467.51870069751294,-233.6673677086602,9.743805541202198,19.479945862396374,9.743805541202198,19.479945862396374
2024-01-06 16:00:00,233.85133298885273,467.51870069751294,-233.6673677086602,9.743805541202198,19.479945862396374,9.743805541202198,19.479945862396374
2024-01-06 17:00:00,233.85133298885273,467.51870069751294,-233.6673677086602,9.743805541202198,19.479945862396374,9.743805541202198,19.479945862396374
2024-01-06 18:00:00,233.85133298885273,467.51870069751294,-233.6673677086602,9.743805541202198,19.479945862396374,9.743805541202198,19.479945862396374
2024-01-06 19:00:00,233.85133298885273,467.51870069751294,-233.6673677086602,9.743805541202198,19.479945862396374,9.743805541202198,19.479945862396374
2024-01-06 20:00:00,233.85133298885273,467.51870069751294,-233.6673677086602,9.743805541202198,19.479945862396374,9.743805541202198,19.479945862396374
2024-01-06 21:00:00,233.85133298885273,467.51870069751294,-233.6673677086602,9.743805541202198,19.479945862396374,9.743805541202198,19.479945862396374
2024-01-06 22:00:00,233.85133298885273,467.51870069751294,-233.6673677086602,9.743805541202198,19.479945862396374,9.743805541202198,19.479945862396374
2024-01-06 23:00:00,233.85133298885273,467.51870069751294,-233.6673677086602,9.743805541202198,19.479945862396374,9.743805541202198,19.479945862396374
2024-01-07 00:00:00,225.0107026256668,460.09339092838985,-235.08268830272306,9.375445942736116,19.170557955349576,9.375445942736116,19.170557955349576
2024-01-07 01:00:00,225.0107026256668,460.09339092838985,-235.08268830272306,9.375445942736116,19.170557955349576,9.375445942736116,19.170557955349576
2024-01-07 02:00:00,225.0107026256668,460.09339092838985,-235.08268830272306,9.375445942736116,19.170557955349576,9.375445942736116,19.170557955349576
2024-01-07 03:00:00,225.0107026256668,460.09339092838985,-235.08268830272306,9.375445942736116,19.170557955349576,9.375445942736116,19.170557955349576
2024-01-07 04:00:00,225.0107026256668,460.09339092838985,-235.08268830272306,9.375445942736116,19.170557955349576,9.375445942736116,19.170557955349576
2024-01-07 05:00:00,225.0107026256668,460.09339092838985,-235.08268830272306,9.375445942736116,19.170557955349576,9.375445942736116,19.170557955349576
2024-01-07 06:00:00,225.0107026256668,460.09339092838985,-235.08268830272306,9.375445942736116,19.170557955349576,9.375445942736116,19.170557955349576
2024-01-07 07:00:00,225.0107026256668,460.09339092838985,-235.08268830272306,9.375445942736116,19.170557955349576,9.375445942736116,19.170557955349576
2024-01-07 08:00:00,225.0107026256668,460.09339092838985,-235.08268830272306,9.375445942736116,19.170557955349576,9.375445942736116,19.170557955349576
2024-01-07 09:00:00,225.0107026256668,460.09339092838985,-235.08268830272306,9.375445942736116,19.170557955349576,9.375445942736116,19.170557955349576
2024-01-07 10:00:00,225.0107026256668,460.09339092838985,-235.08268830272306,9.375445942736116,19.170557955349576,9.375445942736116,19.170557955349576
2024-01-07 11:00:00,225.0107026256668,460.09339092838985,-235.08268830272306,9.375445942736116,19.170557955349576,9.375445942736116,19.170557955349576
2024-01-07 12:00:00,225.0107026256668,460.09339092838985,-235.08268830272306,9.375445942736116,19.170557955349576,9.375445942736116,19.170557955349576
2024-01-07 13:00:00,225.0107026256668,460.09339092838985,-235.08268830272306,9.375445942736116,19.170557955349576,9.375445942736116,19.170557955349576
2024-01-07 14:00:00,225.0107026256668,460.09339092838985,-235.08268830272306,9.375445942736116,19.170557955349576,9.375445942736116,19.170557955349576
2024-01-07 15:00:00,225.0107026256668,460.09339092838985,-235.08268830272306,9.375445942736116,19.170557955349576,9.375445942736116,19.170557955349576
2024-01-07 16:00:00,225.0107026256668,460.09339092838985,-235.08268830272306,9.375445942736116,19.170557955349576,9.375445942736116,19.170557955349576
2024-01-07 17:00:00,225.0107026256668,460.09339092838985,-235.08268830272306,9.375445942736116,19.170557955349576,9.375445942736116,19.170557955349576
2024-01-07 18:00:00,225.0107026256668,460.09339092838985,-235.08268830272306,9.375445942736116,19.170557955349576,9.375445942736116,19.170557955349576
2024-01-07 19:00:00,225.0107026256668,460.09339092838985,-235.08268830272306,9.375445942736116,19.170557955349576,9.375445942736116,19.170557955349576
2024-01-07 20:00:00,225.0107026256668,460.09339092838985,-235.08268830272306,9.375445942736116,19.170557955349576,9.375445942736116,19.170557955349576
2024-01-07 21:00:00,225.0107026256668,460.09339092838985,-235.08268830272306,9.375445942736116,19.170557955349576,9.375445942736116,19.170557955349576
2024-01-07 22:00:00,225.0107026256668,460.09339092838985,-235.08268830272306,9.375445942736116,19.170557955349576,9.375445942736116,19.170557955349576
2024-01-07 23:00:00,225.0107026256668,460.09339092838985,-235.08268830272306,9.375445942736116,19.170557955349576,9.375445942736116,19.170557955349576
2024-01-08 00:00:00,223.99397515561222,456.67479147733053,-232.6808163217183,9.33308229815051,19.02811631155544,9.33308229815051,19.02811631155544
2024-01-08 01:00:00,223.99397515561222,456.67479147733053,-232.6808163217183,9.33308229815051,19.02811631155544,9.33308229815051,19.02811631155544
2024-01-08 02:00:00,223.99397515561222,456.67479147733053,-232.6808163217183,9.33308229815051,19.02811631155544,9.33308229815051,19.02811631155544
2024-01-08 03:00:00,223.99397515561222,456.67479147733053,-232.6808163217183,9.33308229815051,19.02811631155544,9.33308229815051,19.02811631155544
2024-01-08 04:00:00,223.99397515561222,456.67479147733053,-232.6808163217183,9.33308229815051,19.02811631155544,9.33308229815051,19.02811631155544
2024-01-08 05:00:00,223.99397515561222,456.67479147733053,-232.6808163217183,9.33308229815051,19.02811631155544,9.33308229815051,19.02811631155544
2024-01-08 06:00:00,223.99397515561222,456.67479147733053,-232.6808163217183,9.33308229815051,19.02811631155544,9.33308229815051,19.02811631155544
2024-01-08 07:00:00,223.99397515561222,456.67479147733053,-232.6808163217183,9.33308229815051,19.02811631155544,9.33308229815051,19.02811631155544
2024-01-08 08:00:00,223.99397515561222,456.67479147733053,-232.6808163217183,9.33308229815051,19.02811631155544,9.33308229815051,19.02811631155544
2024-01-08 09:00:00,223.99397515561222,456.67479147733053,-232.6808163217183,9.33308229815051,19.02811631155544,9.33308229815051,19.02811631155544
2024-01-08 10:00:00,223.99397515561222,456.67479147733053,-232.6808163217183,9.33308229815051,19.02811631155544,9.33308229815051,19.02811631155544
2024-01-08 11:00:00,223.99397515561222,456.67479147733053,-232.6808163217183,9.33308229815051,19.02811631155544,9.33308229815051,19.02811631155544
2024-01-08 12:00:00,223.99397515561222,456.67479147733053,-232.6808163217183,9.33308229815051,19.02811631155544,9.33308229815051,19.02811631155544
2024-01-08 13:00:00,223.99397515561222,456.67479147733053,-232.6808163217183,9.33308229815051,19.02811631155544,9.33308229815051,19.02811631155544
2024-01-08 14:00:00,223.99397515561222,456.67479147733053,-232.6808163217183,9.33308229815051,19.02811631155544,9.33308229815051,19.02811631155544
2024-01-08 15:00:00,223.99397515561222,456.67479147733053,-232.6808163217183,9.33308229815051,19.02811631155544,9.33308229815051,19.02811631155544
2024-01-08 16:00:00,223.99397515561222,456.67479147733053,-232.6808163217183,9.33308229815051,19.02811631155544,9.33308229815051,19.02811631155544
2024-01-08 17:00:00,223.99397515561222,456.67479147733053,-232.6808163217183,9.33308229815051,19.02811631155544,9.33308229815051,19.02811631155544
2024-01-08 18:00:00,223.99397515561222,456.67479147733053,-232.6808163217183,9.33308229815051,19.02811631155544,9.33308229815051,19.02811631155544
2024-01-08 19:00:00,223.99397515561222,456.67479147733053,-232.6808163217183,9.33308229815051,19.02811631155544,9.33308229815051,19.02811631155544
2024-01-08 20:00:00,223.99397515561222,456.67479147733053,-232.6808163217183,9.33308229815051,19.02811631155544,9.33308229815051,19.02811631155544
2024-01-08 21:00:00,223.99397515561222,456.67479147733053,-232.6808163217183,9.33308229815051,19.02811631155544,9.33308229815051,19.02811631155544
2024-01-08 22:00:00,223.99397515561222,456.67479147733053,-232.6808163217183,9.33308229815051,19.02811631155544,9.33308229815051,19.02811631155544
2024-01-08 23:00:00,223.99397515561222,456.67479147733053,-232.6808163217183,9.33308229815051,19.02811631155544,9.33308229815051,19.02811631155544
2024-01-09 00:00:00,231.38916606527854,457.9490455959407,-226.55987953066213,9.64121525271994,19.081210233164196,9.64121525271994,19.081210233164196
2024-01-09 01:00:00,231.38916606527854,457.9490455959407,-226.55987953066213,9.64121525271994,19.081210233164196,9.64121525271994,19.081210233164196
2024-01-09 02:00:00,231.38916606527854,457.9490455959407,-226.55987953066213,9.64121525271994,19.081210233164196,9.64121525271994,19.081210233164196
2024-01-09 03:00:00,231.38916606527854,457.9490455959407,-226.55987953066213,9.64121525271994,19.081210233164196,9.64121525271994,19.081210233164196
2024-01-09 04:00:00,231.38916606527854,457.9490455959407,-226.55987953066213,9.64121525271994,19.081210233164196,9.64121525271994,19.081210233164196
2024-01-09 05:00:00,231.38916606527854,457.9490455959407,-226.55987953066213,9.64121525271994,19.081210233164196,9.64121525271994,19.081210233164196
2024-01-09 06:00:00,231.38916606527854,457.9490455959407,-226.55987953066213,9.64121525271994,19.081210233164196,9.64121525271994,19.081210233164196
2024-01-09 07:00:00,231.38916606527854,457.9490455959407,-226.55987953066213,9.64121525271994,19.081210233164196,9.64121525271994,19.081210233164196
2024-01-09 08:00:00,231.38916606527854,457.9490455959407,-226.55987953066213,9.64121525271994,19.081210233164196,9.64121525271994,19.081210233164196
2024-01-09 09:00:00,231.38916606527854,457.9490455959407,-226.55987953066213,9.64121525271994,19.081210233164196,9.64121525271994,19.081210233164196
2024-01-09 10:00:00,231.38916606527854,457.9490455959407,-226.55987953066213,9.64121525271994,19.081210233164196,9.64121525271994,19.081210233164196
2024-01-09 11:00:00,231.38916606527854,457.9490455959407,-226.55987953066213,9.64121525271994,19.081210233164196,9.64121525271994,19.081210233164196
2024-01-09 12:00:00,231.38916606527854,457.9490455959407,-226.55987953066213,9.64121525271994,19.081210233164196,9.64121525271994,19.081210233164196
2024-01-09 13:00:00,231.38916606527854,457.9490455959407,-226.55987953066213,9.64121525271994,19.081210233164196,9.64121525271994,19.081210233164196
2024-01-09 14:00:00,231.38916606527854,457.9490455959407,-226.55987953066213,9.64121525271994,19.081210233164196,9.64121525271994,19.081210233164196
2024-01-09 15:00:00,231.38916606527854,457.9490455959407,-226.55987953066213,9.64121525271994,19.081210233164196,9.64121525271994,19.081210233164196
2024-01-09 16:00:00,231.38916606527854,457.9490455959407,-226.55987953066213,9.64121525271994,19.081210233164196,9.64121525271994,19.081210233164196
2024-01-09 17:00:00,231.38916606527854,457.9490455959407,-226.55987953066213,9.64121525271994,19.081210233164196,9.64121525271994,19.081210233164196
2024-01-09 18:00:00,231.38916606527854,457.9490455959407,-226.55987953066213,9.64121525271994,19.081210233164196,9.64121525271994,19.081210233164196
2024-01-09 19:00:00,231.38916606527854,457.9490455959407,-226.55987953066213,9.64121525271994,19.081210233164196,9.64121525271994,19.081210233164196
2024-01-09 20:00:00,231.38916606527854,457.9490455959407,-226.55987953066213,9.64121525271994,19.081210233164196,9.64121525271994,19.081210233164196
2024-01-09 21:00:00,231.38916606527854,457.9490455959407,-226.55987953066213,9.64121525271994,19.081210233164196,9.64121525271994,19.081210233164196
2024-01-09 22:00:00,231.38916606527854,457.9490455959407,-226.55987953066213,9.64121525271994,19.081210233164196,9.64121525271994,19.081210233164196
2024-01-09 23:00:00,231.38916606527854,457.9490455959407,-226.55987953066213,9.64121525271994,19.081210233164196,9.64121525271994,19.081210233164196
2024-01-10 00:00:00,243.71901048806203,463.7478757226251,-220.02886523456309,10.154958770335918,19.32282815510938,10.154958770335918,19.32282815510938
2024-01-10 01:00:00,243.71901048806203,463.7478757226251,-220.02886523456309,10.154958770335918,19.32282815510938,10.154958770335918,19.32282815510938
2024-01-10 02:00:00,243.71901048806203,463.7478757226251,-220.02886523456309,10.154958770335918,19.32282815510938,10.154958770335918,19.32282815510938
2024-01-10 03:00:00,243.71901048806203,463.7478757226251,-220.02886523456309,10.154958770335918,19.32282815510938,10.154958770335918,19.32282815510938
2024-01-10 04:00:00,243.71901048806203,463.7478757226251,-220.02886523456309,10.154958770335918,19.32282815510938,10.154958770335918,19.32282815510938
2024-01-10 05:00:00,243.71901048806203,463.7478757226251,-220.02886523456309,10.154958770335918,19.32282815510938,10.154958770335918,19.32282815510938
2024-01-10 06:00:00,243.71901048806203,463.7478757226251,-220.02886523456309,10.154958770335918,19.32282815510938,10.154958770335918,19.32282815510938
2024-01-10 07:00:00,243.71901048806203,463.7478757226251,-220.02886523456309,10.154958770335918,19.32282815510938,10.154958770335918,19.32282815510938
2024-01-10 08:00:00,243.71901048806203,463.7478757226251,-220.02886523456309,10.154958770335918,19.32282815510938,10.154958770335918,19.32282815510938
2024-01-10 09:00:00,243.71901048806203,463.7478757226251,-220.02886523456309,10.154958770335918,19.32282815510938,10.154958770335918,19.32282815510938
2024-01-10 10:00:00,243.71901048806203,463.7478757226251,-220.02886523456309,10.154958770335918,19.32282815510938,10.154958770335918,19.32282815510938
2024-01-10 11:00:00,243.71901048806203,463.7478757226251,-220.02886523456309,10.154958770335918,19.32282815510938,10.154958770335918,19.32282815510938
2024-01-10 12:00:00,243.71901048806203,463.7478757226251,-220.02886523456309,10.154958770335918,19.32282815510938,10.154958770335918,19.32282815510938
2024-01-10 13:00:00,243.71901048806203,463.7478757226251,-220.02886523456309,10.154958770335918,19.32282815510938,10.154958770335918,19.32282815510938
2024-01-10 14:00:00,243.71901048806203,463.7478757226251,-220.02886523456309,10.154958770335918,19.32282815510938,10.154958770335918,19.32282815510938
2024-01-10 15:00:00,243.71901048806203,463.7478757226251,-220.02886523456309,10.154958770335918,19.32282815510938,10.154958770335918,19.32282815510938
2024-01-10 16:00:00,243.71901048806203,463.7478757226251,-220.02886523456309,10.154958770335918,19.32282815510938,10.154958770335918,19.32282815510938
2024-01-10 17:00:00,243.71901048806203,463.7478757226251,-220.02886523456309,10.154958770335918,19.32282815510938,10.154958770335918,19.32282815510938
2024-01-10 18:00:00,243.71901048806203,463.7478757226251,-220.02886523456309,10.154958770335918,19.32282815510938,10.154958770335918,19.32282815510938
2024-01-10 19:00:00,243.71901048806203,463.7478757226251,-220.02886523456309,10.154958770335918,19.32282815510938,10.154958770335918,19.32282815510938
2024-01-10 20:00:00,243.71901048806203,463.7478757226251,-220.02886523456309,10.154958770335918,19.32282815510938,10.154958770335918,19.32282815510938
2024-01-10 21:00:00,243.71901048806203,463.7478757226251,-220.02886523456309,10.154958770335918,19.32282815510938,10.154958770335918,19.32282815510938
2024-01-10 22:00:00,243.71901048806203,463.7478757226251,-220.02886523456309,10.154958770335918,19.32282815510938,10.154958770335918,19.32282815510938
2024-01-10 23:00:00,243.71901048806203,463.7478757226251,-220.02886523456309,10.154958770335918,19.32282815510938,10.154958770335918,19.32282815510938
2024-01-11 00:00:00,255.12144272226575,473.0792215259206,-217.95777880365486,10.63006011342774,19.71163423024669,10.63006011342774,19.71163423024669
2024-01-11 01:00:00,255.12144272226575,473.0792215259206,-217.95777880365486,10.63006011342774,19.71163423024669,10.63006011342774,19.71163423024669
2024-01-11 02:00:00,255.12144272226575,473.0792215259206,-217.95777880365486,10.63006011342774,19.71163423024669,10.63006011342774,19.71163423024669
2024-01-11 03:00:00,255.12144272226575,473.0792215259206,-217.95777880365486,10.63006011342774,19.71163423024669,10.63006011342774,19.71163423024669
2024-01-11 04:00:00,255.12144272226575,473.0792215259206,-217.95777880365486,10.63006011342774,19.71163423024669,10.63006011342774,19.71163423024669
2024-01-11 05:00:00,255.12144272226575,473.0792215259206,-217.95777880365486,10.63006011342774,19.71163423024669,10.63006011342774,19.71163423024669
2024-01-11 06:00:00,255.12144272226575,473.0792215259206,-217.95777880365486,10.63006011342774,19.71163423024669,10.63006011342774,19.71163423024669
2024-01-11 07:00:00,255.12144272226575,473.0792215259206,-217.95777880365486,10.63006011342774,19.71163423024669,10.63006011342774,19.71163423024669
2024-01-11 08:00:00,255.12144272226575,473.0792215259206,-217.95777880365486,10.63006011342774,19.71163423024669,10.63006011342774,19.71163423024669
2024-01-11 09:00:00,255.12144272226575,473.0792215259206,-217.95777880365486,10.63006011342774,19.71163423024669,10.63006011342774,19.71163423024669
2024-01-11 10:00:00,255.12144272226575,473.0792215259206,-217.95777880365486,10.63006011342774,19.71163423024669,10.63006011342774,19.71163423024669
2024-01-11 11:00:00,255.12144272226575,473.0792215259206,-217.95777880365486,10.63006011342774,19.71163423024669,10.63006011342774,19.71163423024669
2024-01-11 12:00:00,255.12144272226575,473.0792215259206,-217.95777880365486,10.63006011342774,19.71163423024669,10.63006011342774,19.71163423024669
2024-01-11 13:00:00,255.12144272226575,473.0792215259206,-217.95777880365486,10.63006011342774,19.71163423024669,10.63006011342774,19.71163423024669
2024-01-11 14:00:00,255.12144272226575,473.0792215259206,-217.95777880365486,10.63006011342774,19.71163423024669,10.63006011342774,19.71163423024669
2024-01-11 15:00:00,255.12144272226575,473.0792215259206,-217.95777880365486,10.63006011342774,19.71163423024669,10.63006011342774,19.71163423024669
2024-01-11 16:00:00,255.12144272226575,473.0792215259206,-217.95777880365486,10.63006011342774,19.71163423024669,10.63006011342774,19.71163423024669
2024-01-11 17:00:00,255.12144272226575,473.0792215259206,-217.95777880365486,10.63006011342774,19.71163423024669,10.63006011342774,19.71163423024669
2024-01-11 18:00:00,255.12144272226575,473.0792215259206,-217.95777880365486,10.63006011342774,19.71163423024669,10.63006011342774,19.71163423024669
2024-01-11 19:00:00,255.12144272226575,473.0792215259206,-217.95777880365486,10.63006011342774,19.71163423024669,10.63006011342774,19.71163423024669
2024-01-11 20:00:00,255.12144272226575,473.0792215259206,-217.95777880365486,10.63006011342774,19.71163423024669,10.63006011342774,19.71163423024669
2024-01-11 21:00:00,255.12144272226575,473.0792215259206,-217.95777880365486,10.63006011342774,19.71163423024669,10.63006011342774,19.71163423024669
2024-01-11 22:00:00,255.12144272226575,473.0792215259206,-217.95777880365486,10.63006011342774,19.71163423024669,10.63006011342774,19.71163423024669
2024-01-11 23:00:00,255.12144272226575,473.0792215259206,-217.95777880365486,10.63006011342774,19.71163423024669,10.63006011342774,19.71163423024669
2024-01-12 00:00:00,260.1825933490569,484.3078628416,-224.1252694925431,10.840941389544037,20.179494285066667,10.840941389544037,20.179494285066667
2024-01-12 01:00:00,260.1825933490569,484.3078628416,-224.1252694925431,10.840941389544037,20.179494285066667,10.840941389544037,20.179494285066667
2024-01-12 02:00:00,260.1825933490569,484.3078628416,-224.1252694925431,10.840941389544037,20.179494285066667,10.840941389544037,20.179494285066667
2024-01-12 03:00:00,260.1825933490569,484.3078628416,-224.1252694925431,10.840941389544037,20.179494285066667,10.840941389544037,20.179494285066667
2024-01-12 04:00:00,260.1825933490569,484.3078628416,-224.1252694925431,10.840941389544037,20.179494285066667,10.840941389544037,20.179494285066667
2024-01-12 05:00:00,260.1825933490569,484.3078628416,-224.1252694925431,10.840941389544037,20.179494285066667,10.840941389544037,20.179494285066667
2024-01-12 06:00:00,260.1825933490569,484.3078628416,-224.1252694925431,10.840941389544037,20.179494285066667,10.840941389544037,20.179494285066667
2024-01-12 07:00:00,260.1825933490569,484.3078628416,-224.1252694925431,10.840941389544037,20.179494285066667,10.840941389544037,20.179494285066667
2024-01-12 08:00:00,260.1825933490569,484.3078628416,-224.1252694925431,10.840941389544037,20.179494285066667,10.840941389544037,20.179494285066667
2024-01-12 09:00:00,260.1825933490569,484.3078628416,-224.1252694925431,10.840941389544037,20.179494285066667,10.840941389544037,20.179494285066667
2024-01-12 10:00:00,260.1825933490569,484.3078628416,-224.1252694925431,10.840941389544037,20.179494285066667,10.840941389544037,20.179494285066667
2024-01-12 11:00:00,260.1825933490569,484.3078628416,-224.1252694925431,10.840941389544037,20.179494285066667,10.840941389544037,20.179494285066667
2024-01-12 12:00:00,260.1825933490569,484.3078628416,-224.1252694925431,10.840941389544037,20.179494285066667,10.840941389544037,20.179494285066667
2024-01-12 13:00:00,260.1825933490569,484.3078628416,-224.1252694925431,10.840941389544037,20.179494285066667,10.840941389544037,20.179494285066667
2024-01-12 14:00:00,260.1825933490569,484.3078628416,-224.1252694925431,10.840941389544037,20.179494285066667,10.840941389544037,20.179494285066667
2024-01-12 15:00:00,260.1825933490569,484.3078628416,-224.1252694925431,10.840941389544037,20.179494285066667,10.840941389544037,20.179494285066667
2024-01-12 16:00:00,260.1825933490569,484.3078628416,-224.1252694925431,10.840941389544037,20.179494285066667,10.840941389544037,20.179494285066667
2024-01-12 17:00:00,260.1825933490569,484.3078628416,-224.1252694925431,10.840941389544037,20.179494285066667,10.840941389544037,20.179494285066667
2024-01-12 18:00:00,260.1825933490569,484.3078628416,-224.1252694925431,10.840941389544037,20.179494285066667,10.840941389544037,20.179494285066667
2024-01-12 19:00:00,260.1825933490569,484.3078628416,-224.1252694925431,10.840941389544037,20.179494285066667,10.840941389544037,20.179494285066667
2024-01-12 20:00:00,260.1825933490569,484.3078628416,-224.1252694925431,10.840941389544037,20.179494285066667,10.840941389544037,20.179494285066667
2024-01-12 21:00:00,260.1825933490569,484.3078628416,-224.1252694925431,10.840941389544037,20.179494285066667,10.840941389544037,20.179494285066667
2024-01-12 22:00:00,260.1825933490569,484.3078628416,-224.1252694925431,10.840941389544037,20.179494285066667,10.840941389544037,20.179494285066667
2024-01-12 23:00:00,260.1825933490569,484.3078628416,-224.1252694925431,10.840941389544037,20.179494285066667,10.840941389544037,20.179494285066667
2024-01-13 00:00:00,256.55318373246473,495.45314175620575,-238.89995802374102,10.689715988852697,20.643880906508574,10.689715988852697,20.643880906508574
2024-01-13 01:00:00,256.55318373246473,495.45314175620575,-238.89995802374102,10.689715988852697,20.643880906508574,10.689715988852697,20.643880906508574
2024-01-13 02:00:00,256.55318373246473,495.45314175620575,-238.89995802374102,10.689715988852697,20.643880906508574,10.689715988852697,20.643880906508574
2024-01-13 03:00:00,256.55318373246473,495.45314175620575,-238.89995802374102,10.689715988852697,20.643880906508574,10.689715988852697,20.643880906508574
2024-01-13 04:00:00,256.55318373246473,495.45314175620575,-238.89995802374102,10.689715988852697,20.643880906508574,10.689715988852697,20.643880906508574
2024-01-13 05:00:00,256.55318373246473,495.45314175620575,-238.89995802374102,10.689715988852697,20.643880906508574,10.689715988852697,20.643880906508574
2024-01-13 06:00:00,256.55318373246473,495.45314175620575,-238.89995802374102,10.689715988852697,20.643880906508574,10.689715988852697,20.643880906508574
2024-01-13 07:00:00,256.55318373246473,495.45314175620575,-238.89995802374102,10.689715988852697,20.643880906508574,10.689715988852697,20.643880906508574
2024-01-13 08:00:00,256.55318373246473,495.45314175620575,-238.89995802374102,10.689715988852697,20.643880906508574,10.689715988852697,20.643880906508574
2024-01-13 09:00:00,256.55318373246473,495.45314175620575,-238.89995802374102,10.689715988852697,20.643880906508574,10.689715988852697,20.643880906508574
2024-01-13 10:00:00,256.55318373246473,495.45314175620575,-238.89995802374102,10.689715988852697,20.643880906508574,10.689715988852697,20.643880906508574
2024-01-13 11:00:00,256.55318373246473,495.45314175620575,-238.89995802374102,10.689715988852697,20.643880906508574,10.689715988852697,20.643880906508574
2024-01-13 12:00:00,256.55318373246473,495.45314175620575,-238.89995802374102,10.689715988852697,20.643880906508574,10.689715988852697,20.643880906508574
2024-01-13 13:00:00,256.55318373246473,495.45314175620575,-238.89995802374102,10.689715988852697,20.643880906508574,10.689715988852697,20.643880906508574
2024-01-13 14:00:00,256.55318373246473,495.45314175620575,-238.89995802374102,10.689715988852697,20.643880906508574,10.689715988852697,20.643880906508574
2024-01-13 15:00:00,256.55318373246473,495.45314175620575,-238.89995802374102,10.689715988852697,20.643880906508574,10.689715988852697,20.643880906508574
2024-01-13 16:00:00,256.55318373246473,495.45314175620575,-238.89995802374102,10.689715988852697,20.643880906508574,10.689715988852697,20.643880906508574
2024-01-13 17:00:00,256.55318373246473,495.45314175620575,-238.89995802374102,10.689715988852697,20.643880906508574,10.689715988852697,20.643880906508574
2024-01-13 18:00:00,256.55318373246473,495.45314175620575,-238.89995802374102,10.689715988852697,20.643880906508574,10.689715988852697,20.643880906508574
2024-01-13 19:00:00,256.55318373246473,495.45314175620575,-238.89995802374102,10.689715988852697,20.643880906508574,10.689715988852697,20.643880906508574
2024-01-13 20:00:00,256.55318373246473,495.45314175620575,-238.89995802374102,10.689715988852697,20.643880906508574,10.689715988852697,20.643880906508574
2024-01-13 21:00:00,256.55318373246473,495.45314175620575,-238.89995802374102,10.689715988852697,20.643880906508574,10.689715988852697,20.643880906508574
2024-01-13 22:00:00,256.55318373246473,495.45314175620575,-238.89995802374102,10.689715988852697,20.643880906508574,10.689715988852697,20.643880906508574
2024-01-13 23:00:00,256.55318373246473,495.45314175620575,-238.89995802374102,10.689715988852697,20.643880906508574,10.689715988852697,20.643880906508574
2024-01-14 00:00:00,246.08387658412363,504.54957802365465,-258.465701439531,10.253494857671818,21.022899084318944,10.253494857671818,21.022899084318944
2024-01-14 01:00:00,246.08387658412363,504.54957802365465,-258.465701439531,10.253494857671818,21.022899084318944,10.253494857671818,21.022899084318944
2024-01-14 02:00:00,246.08387658412363,504.54957802365465,-258.465701439531,10.253494857671818,21.022899084318944,10.253494857671818,21.022899084318944
2024-01-14 03:00:00,246.08387658412363,504.54957802365465,-258.465701439531,10.253494857671818,21.022899084318944,10.253494857671818,21.022899084318944
2024-01-14 04:00:00,246.08387658412363,504.54957802365465,-258.465701439531,10.253494857671818,21.022899084318944,10.253494857671818,21.022899084318944
2024-01-14 05:00:00,246.08387658412363,504.54957802365465,-258.465701439531,10.253494857671818,21.022899084318944,10.253494857671818,21.022899084318944
2024-01-14 06:00:00,246.08387658412363,504.54957802365465,-258.465701439531,10.253494857671818,21.022899084318944,10.253494857671818,21.022899084318944
2024-01-14 07:00:00,246.08387658412363,504.54957802365465,-258.465701439531,10.253494857671818,21.022899084318944,10.253494857671818,21.022899084318944
2024-01-14 08:00:00,246.08387658412363,504.54957802365465,-258.465701439531,10.253494857671818,21.022899084318944,10.253494857671818,21.022899084318944
2024-01-14 09:00:00,246.08387658412363,504.54957802365465,-258.465701439531,10.253494857671818,21.022899084318944,10.253494857671818,21.022899084318944
2024-01-14 10:00:00,246.08387658412363,504.54957802365465,-258.465701439531,10.253494857671818,21.022899084318944,10.253494857671818,21.022899084318944
2024-01-14 11:00:00,246.08387658412363,504.54957802365465,-258.465701439531,10.253494857671818,21.022899084318944,10.253494857671818,21.022899084318944
2024-01-14 12:00:00,246.08387658412363,504.54957802365465,-258.465701439531,10.253494857671818,21.022899084318944,10.253494857671818,21.022899084318944
2024-01-14 13:00:00,246.08387658412363,504.54957802365465,-258.465701439531,10.253494857671818,21.022899084318944,10.253494857671818,21.022899084318944
2024-01-14 14:00:00,246.08387658412363,504.54957802365465,-258.465701439531,10.253494857671818,21.022899084318944,10.253494857671818,21.022899084318944
2024-01-14 15:00:00,246.08387658412363,504.54957802365465,-258.465701439531,10.253494857671818,21.022899084318944,10.253494857671818,21.022899084318944
2024-01-14 16:00:00,246.08387658412363,504.54957802365465,-258.465701439531,10.253494857671818,21.022899084318944,10.253494857671818,21.022899084318944
2024-01-14 17:00:00,246.08387658412363,504.54957802365465,-258.465701439531,10.253494857671818,21.022899084318944,10.253494857671818,21.022899084318944
2024-01-14 18:00:00,246.08387658412363,504.54957802365465,-258.465701439531,10.253494857671818,21.022899084318944,10.253494857671818,21.022899084318944
2024-01-14 19:00:00,246.08387658412363,504.54957802365465,-258.465701439531,10.253494857671818,21.022899084318944,10.253494857671818,21.022899084318944
2024-01-14 20:00:00,246.08387658412363,504.54957802365465,-258.465701439531,10.253494857671818,21.022899084318944,10.253494857671818,21.022899084318944
2024-01-14 21:00:00,246.08387658412363,504.54957802365465,-258.465701439531,10.253494857671818,21.022899084318944,10.253494857671818,21.022899084318944
2024-01-14 22:00:00,246.08387658412363,504.54957802365465,-258.465701439531,10.253494857671818,21.022899084318944,10.253494857671818,21.022899084318944
2024-01-14 23:00:00,246.08387658412363,504.54957802365465,-258.465701439531,10.253494857671818,21.022899084318944,10.253494857671818,21.022899084318944
